,PCA_0,PCA_1,PCA_2,PCA_3,PCA_4,PCA_5,PCA_6,PCA_7,Class
0,3.992897696558285,-3.380455426676966,-1.9826381349333915,0.6842313387493157,-0.33181157816852747,1.1941421518018918,0.2259467550651204,0.6780501489495172,0
1,-15.145090908943969,14.617883278725056,1.612045362818789,-2.750595041419945,-2.2832522195712537,0.4243981432021853,0.06817077380713865,0.019447917765952283,0
2,-10.015947951305812,1.430150354743635,0.18661764712240658,1.4777301642034844,-1.659161060419584,2.3635953656384023,1.728769300708218,0.48067558612747213,0
3,-12.522366059614292,6.590812136020311,2.1269725379397943,-3.112319329670415,-0.36832654466395853,0.91376241988143,-0.023004157080390275,-0.5270655342782369,0
4,-7.233661128572896,-1.2064365406240558,1.2273182010480517,2.951954056451366,0.19138441568913178,0.9999621263431768,0.13861313217685767,0.48341730724168064,0
5,-12.911390866413756,5.875268563713794,1.416502048207839,-0.7536346143619839,-1.297426600005387,1.054597104883365,0.11238989505044206,-0.37158497665081636,0
6,-15.457781489695147,17.37334011383302,1.496983205918709,-4.998078296714727,-3.790518583316513,0.08824133770339815,0.18443346766307434,0.3645966093284837,0
7,-15.644659908058298,12.691109019529915,2.6491895208108986,-2.9997263366474254,-3.9395742141061856,0.04350002700183131,-0.6385899026477713,-0.5806573719092093,0
8,-16.040429435747072,20.925338285719214,2.0983152474233906,-4.468842687284447,-5.942973355129554,-1.1960395085602058,-0.21126472710283561,1.363375001652466,0
9,-5.867131078915328,-1.849832422857445,-0.9515829763702552,0.8231093644454041,-1.400354064661147,1.7137389674805479,1.0874334111185906,0.4430042506507058,0
10,-8.511448812504074,3.331954913806466,2.060230468308577,-1.3379070911106614,6.1822617027766,-2.788132482726355,-0.21953590692956637,0.3128164308765381,0
11,-15.603824669588768,9.133690363581572,1.2816429368564468,0.08932080657719133,-4.533683110999419,1.323526183031583,-0.03354692601395626,-0.2911088224108338,0
12,-6.425275625690147,-1.7963372995465101,0.7235516650312577,-1.6618389167225085,0.17500644186437508,0.5016091622066977,-0.4922031666216041,-0.5840058659012464,0
13,-10.199540657471173,4.928301981331813,0.8875283911089291,-3.9190001564154624,2.9292262542340586,-1.3855361294118382,0.33567542053532384,-0.4086955574273212,0
14,-8.505697241856314,0.9180717955657318,-0.6267027863982325,-1.5156738604726314,0.6180944605750951,1.1677576907796048,0.5498736855550271,-0.2053116399097672,0
15,11.303753169766964,0.10330252016859151,-1.0031363077193252,-2.3642392951464086,-0.19847264510330764,1.7239777471631008,-1.1777080968165845,1.0627959421335489,0
16,3.6634058457983123,-3.799469134068122,-2.4341243056597808,-0.9963173554809162,-0.1881688249246951,1.1723671846455277,0.04010106291104876,0.5320323247535192,0
17,-12.690068018586874,6.643439946843223,1.4925933890951073,-2.3003301280564203,-0.5403087631972414,0.372563767443143,0.10955447593156165,0.3875013324541706,0
18,-6.572156874078452,-1.6466113307891295,-0.3948322759550996,-1.2744973400771875,0.6487364427715054,-0.5430181353555106,0.16454439815278762,0.26144863846775634,0
19,-8.668864273428888,-0.3152951637499456,4.348676674672856,-2.13619927926319,-0.19514873823609702,-0.6281052585051485,-0.5566133443506007,0.2752685671986541,0
20,3.4912636580828136,-9.13644362649025,11.889853003910844,-1.2153679312896144,-5.714061185533322,-6.0411846411160735,1.213479362489914,1.1619645031630128,0
21,-2.2251702185534015,-3.7381234534128245,-1.5471138389219337,-0.59346292000815,-0.2894880214061313,1.4335973698317246,0.7122988954873957,-0.21714556029319232,0
22,-2.747489385548617,-3.495131822398633,-1.5485502253517867,-0.4095275553249905,0.044890713760746825,-0.20642123197344797,0.521360607017294,-0.11889651116769329,0
23,-8.459233247329527,-0.6557789625803064,2.1490225532769616,1.7485826487047063,0.6137594944529746,-0.7980796809912396,-0.6064615068261554,0.7384713644734179,0
24,5.933328681173094,-3.0270022687747993,-2.423319114038665,-0.8786253426783222,-0.09605152965671837,0.4962413875460192,-0.11115672395564702,0.804263850498229,1
25,-14.326691507559111,12.432741141875667,1.463469358206742,-2.6546858686811428,-0.8895063168586281,-0.06715121884115849,0.3305494567316445,-0.2989229810396593,1
26,-9.280080205856969,1.2080314202683733,-0.5390206458940123,0.6055283266807286,-1.2331668199772028,2.1617029884246564,1.7322374064891721,0.19046248576263514,1
27,-11.089311008011222,4.06610526819553,1.971374921464785,-2.8324765087599846,1.2126924034547555,0.35383463460070463,-0.039499207893889166,-0.852018437334872,1
28,-6.500882221966493,-1.9329939756230508,0.9322373177872989,3.5828227631401153,0.3027334300487997,0.45496151576782085,0.16540985774149675,0.5407687606784406,1
29,-11.73906505057065,3.981400134748413,0.9701480039900742,0.00574568363384631,-0.23943137629159628,0.3749740736186373,0.2526413402851875,-0.6546063921219827,1
30,-14.649115298502782,14.894893564699334,1.2808291217453127,-4.335828984277301,-2.021112330010024,-0.13503837207628822,0.33588244898423847,-0.14955102123042968,1
31,-14.755377444099903,10.118445609902512,2.84960522905836,-2.7016009522830378,-2.4279945266103367,0.021147417141287317,-0.3754645970167543,-0.4985201304000011,1
32,-15.573621421530135,19.519286841519584,1.9318031529711397,-4.88048831882837,-4.712964778503205,-1.4276582676162937,0.19024428885630806,0.6440128091217417,1
33,-4.882356150229471,-2.22409400149436,-1.4494465481310983,0.6168022664316283,-1.2614184524568763,1.5193328957066334,1.1534234664490426,0.7919851261910656,1
34,-7.326374345059649,2.101408197743218,0.31335630003798953,-1.3586162600176679,6.251372752552377,-2.883261308599273,0.47747530551223827,0.08874428235926213,1
35,-14.069421118003707,7.078760416902196,0.5125236182974916,-0.41876975527522586,-3.1807846896032257,1.0997261228194066,0.35181821302185456,-0.49647832100202305,1
36,7.4673573898025944,-2.151433180735699,-2.695185103782325,-0.9392640336367186,-1.009065113663822,-0.1301940242134867,-0.6917054665190379,0.8424248317769014,1
37,-12.778317818041238,6.708988761174382,0.54535955906255,-1.0065748236195082,-0.4318963783930925,-0.16970623360862014,-0.24269423287088765,0.49468731101109564,1
38,-5.484175719758728,-2.1414427781739342,-1.1941161542460845,0.9386024548801922,-2.0106598402668894,1.880521477367583,0.5517090182342703,1.1173236981201755,1
39,-9.945142661763436,2.5057204951304386,0.3130617149911411,-3.0446805250915285,0.8549240578277328,0.4290510696468872,0.15500456486416925,-0.1384461181958525,1
40,-1.894120249221469,-4.034866644634109,0.012638765931787699,3.684285382067168,-0.7149971796840798,-0.1840484234856723,-1.1233898096942545,0.7434526975912069,1
41,-10.121769579489344,2.2444029284246465,0.06430369058016272,-0.5294549827328187,0.014283972431274439,0.31787801048954223,0.37017514047063727,-0.3715106377092714,1
42,-14.03123689249215,12.678958206487536,0.2635148823675373,-4.562982450280765,-1.2182152562911401,-0.22074696999394905,0.9572111479046836,-0.030556995191217684,1
43,-13.318497773751549,6.641616379663537,2.2252074644871294,-2.3744290156447927,-1.1769116519976897,-0.48014977529626135,-0.314614122855994,-1.4333481811023085,1
44,-15.123204688923703,15.874246636311888,-0.3401087867618069,-4.997176528173174,-3.0872758250067243,-1.2081507491842527,1.2976811897568443,-0.5787383235322063,1
45,-1.1837394717419052,-3.3896601575823535,-2.516847641415057,1.156576965547618,-2.3263427241047356,0.7109213158435653,-0.1431649479243755,0.8567996224962486,1
46,-5.9797249347251675,0.8590999635278627,-0.6398635980953677,-2.1732734638009257,6.6202711203753,-2.8190304527542365,0.2927294121608325,0.3627169985875016,1
47,-11.797686193509168,3.369150575856093,0.464262014462601,-0.01268696239229361,-2.346427592657612,0.4116217173261907,-0.24809391369200173,-0.04049618117735543,1
48,8.823605188839293,-1.1884273952500448,-2.2772583577361387,-0.6511890214600131,-1.5749413002794967,0.3723847608471458,-0.8970294825988651,0.6532023950682087,1
49,-12.225920818876524,5.356928833208549,0.5899215540882787,0.2675488855533228,-0.6769037074532518,1.2492051692475012,-1.3395211422180306,0.18174236966381696,1
50,-3.9453317866014155,-2.3577943308615197,-0.34973715419325946,3.3293904744266793,-2.7879197415014487,3.350619339126121,0.16001064267477183,0.8856399750814288,1
51,-8.390582730763722,-0.62788994546922,1.0546689548013966,-2.164263209354547,-0.3831534379906427,0.3680243344881271,-0.822077729134697,0.06304444421451638,1
52,-1.0004341687000022,-3.8791753293861646,0.8421833070662257,5.461578446430986,-0.9692667588171738,1.227714309058995,-1.2233254482548068,1.0523147810329945,1
53,-7.85002523806676,-0.5516936969530679,-0.1647741660543035,0.5586332042457358,-0.5394205783724457,0.4801132519223448,-0.9290333703960414,-0.3844010262822777,1
54,-13.458128187942744,10.35217509830371,-0.28716709931705264,-4.678341037855881,-0.9010945479920833,-0.02080744829580561,0.2988965551713978,0.05448147990283814,1
55,-11.797589715803696,2.9190907407679787,1.5943432691365589,-0.03415349456939043,-1.9764541182717754,0.5860361899083055,-1.6617915823703486,-0.13436567596527582,1
56,-15.28096815634183,10.672379037754014,0.8481284968854821,-0.4216762103222228,-3.035296193245326,-0.011361102169589188,-0.8478041838287362,1.6149380202151868,1
57,0.8543793018928691,-3.159248421513464,-0.675312489896827,4.292071295654419,-3.4813892229266905,2.2982379101066854,-0.5286812363899681,1.0388713588153773,1
58,-3.266628347561451,-2.0708366554169135,-0.8813833803700583,-1.7547932240211426,5.968632751798008,-2.976867619787214,-0.9494643028666203,0.9764974515074476,1
59,-10.484896503233621,0.9531116625767879,0.4398317068968043,3.406819817314431,-4.333015703308407,2.4699720943694965,-1.4673165859647073,0.2316269313439192,1
60,10.028729360768255,0.7826353223529282,-1.0020125267513535,1.5304397448833063,-0.8382270124229649,0.7587366970452616,0.08934941443963879,0.49303194053830013,1
61,-12.183865492224202,5.17793476483236,1.1433348037322653,2.819367704629304,-0.09734003134237224,1.5872856797004264,-1.0506410119286709,-0.2508411735431981,1
62,-3.3902631480272363,-1.8818743981843133,0.13304285190630738,6.788630984730992,-2.3230386227611817,3.414514294352656,0.971319925569288,1.0592519804654899,1
63,-6.656157969820844,-1.5317794163982943,1.6445039935193588,-0.14649957811496872,0.4168380697209846,1.781998233286883,-0.8646590024740495,-0.22543227162030544,1
64,0.24228073506125825,-3.1997867799521815,0.8362421328427381,7.084847349592442,-0.02196763890839648,0.794758257833786,-0.6932357845481583,0.6643573062133586,1
65,-7.014530844626931,-1.3672919436181579,0.8662158583898255,2.1042022420809796,-0.2715482067574897,1.601564947721088,-1.197994024718923,-0.34901126429600104,1
66,-12.853687086163546,7.5236755041628225,1.0333717638943885,-1.3585512382532097,-0.6568997400101377,1.1344264249004632,-0.7764997449023161,1.2446509752821906,1
67,-12.350801443951278,3.1276138948686127,2.2096429857362887,3.241073750946375,-2.1442856865041926,1.0735118386984976,-1.5706572869042823,-1.1863555552415272,1
68,-16.209270915849224,11.45895571135741,0.822597853130167,2.660352699302579,-3.392092463350828,0.5418120337697698,-0.15128465173009875,1.5654668983850808,1
69,1.8293555543367945,-2.8971328978028508,0.006083463261760569,5.064743160008668,-2.3533052036950215,2.385465291605713,-0.16331958502475363,1.2308376415034736,1
70,-1.9843493576769786,-2.3835677188970887,-0.9830673300773138,0.07029041046392354,6.66431016436185,-2.7020645116081305,-0.3724240840942062,1.44242707806111,1
71,-9.851557637824174,0.28372974535198425,1.2765053092841554,5.707323927331035,-3.5132527991179603,2.5774084577791356,-1.4389019034975574,-0.3583515159563828,1
72,10.293987055737635,1.2324787256879066,-1.3215408360923075,1.7058560941682437,-0.6652658953547972,0.09989183612830321,0.27253188486229973,0.49592937384849467,1
73,-12.542776292555024,5.485939836990548,0.9639030578615004,3.3489333930492284,0.08456649696492757,1.4109306031928694,-0.8965332199242633,-0.05354169806028297,1
74,-3.4225882306680475,-1.5249105329237433,-0.9008981581503743,6.0480684275165615,-2.052211306477588,3.1960452082127584,0.955998028273165,0.569282011450333,1
75,-6.198607784157912,-1.631756252668277,0.8494081114673604,0.8365244559714815,1.425414255523234,0.2898464356536701,-1.0045093294003202,-1.2654733892005066,1
76,-0.4488616858626086,-3.6811066071428127,1.7497026537781317,8.581459552985022,-0.19305044377253333,-0.24460627169604598,-0.7220005628499058,0.6187171911986725,1
77,-7.439957355650845,-1.1822561504582538,1.2882739860497099,4.171575907584035,-0.2144441203919496,1.237797529139734,-0.7111111154663621,-0.6554257516668006,1
78,-13.33124497706289,7.811014849711325,0.6467683358152271,-0.20352895987085673,-0.9209846690792238,1.167608874041894,-0.19623234337878404,0.35643133826024875,1
79,-11.975632371310384,2.2421253733405244,2.6572010042603855,4.152542843668671,-1.5661717837914035,0.7892494917491599,-1.465568020984507,-0.37350487474011707,1
80,-16.14422754745766,11.170365451723034,1.4027826431595147,2.68391055817735,-2.8265482709955014,0.5520363990286206,-0.44602451338030646,2.06874094822683,1
81,1.6268352706593485,-2.912813978540239,0.4771409305358485,6.0620736301686815,-2.46300403496498,1.8356537887692583,-0.04607449001258446,1.4963412948854664,1
82,-1.846123546988074,-2.827995577478035,-0.568581247166237,0.7623460590453535,6.862306399508869,-3.429489530842358,-0.19805201125595603,1.1644858693080369,1
83,-9.784119022844651,0.07143414154406769,1.5040819406264987,6.508981860529922,-3.107746431905915,1.3509873265744523,-1.2230306610514532,-0.09562611630273188,1
84,10.816711252363813,1.255058007494793,-1.0400666892400743,0.4779989732380333,-0.9997227461108449,0.13821146509073534,0.27606700750003865,1.338879777588978,1
85,-12.08110835084826,5.102080493947217,0.3554939825052448,3.6230083850386916,0.385295754353578,1.0775631861293062,-0.46997379865445077,0.14943750684676704,1
86,-3.027324426613302,-2.1826309226996425,-0.057177313253400364,5.873909961468955,-2.058581286631158,2.921581997197908,1.2269369797976113,1.716845033539824,1
87,-6.368323003234298,-1.7820982280827549,1.1740570092780573,1.1674244822088087,1.1490041391517716,0.1367548692078442,-0.4044757910642953,-0.505486790007708,1
88,0.2554235318306426,-3.8501016856460817,1.9666297195268192,8.208471073915499,0.021164385583956724,-0.8205970796256317,-0.7364455671158133,1.2107359912692301,1
89,-7.13645314487116,-0.9336398036209451,0.4903826617568847,3.491443346693059,0.11101660644706213,1.3316534393650081,-0.08301604909796273,-0.2565165222820408,1
90,-13.119908711759862,7.214065101003003,0.7381093105780918,0.630147167687889,-0.2612404324746107,0.40213303401819855,0.1387236931600715,0.3800390191403311,1
91,-11.786590398638904,2.4217384002920728,2.402202258970821,3.7951831225589503,-1.2816542270351468,0.5633459407420296,-1.2392928985471885,-0.5404604713588219,1
92,-15.444740883123494,9.959584375926521,1.1852186672253227,2.788387466438967,-2.016352844459827,-0.616833168341751,-0.06751335500008881,1.6140226042194157,1
93,1.262531276871167,-2.559396295951591,-0.5565864182614453,5.497062024846033,-2.797147713488993,2.1595632418267408,0.28229302626910646,1.3336158953746566,1
94,-0.7421699121291621,-3.49621071653631,-0.857312212114763,-0.5757269518711841,7.315280272515723,-4.003811319863487,-0.2673163586285573,1.3915486905806809,1
95,-9.87854379703262,0.31940054021484166,0.3520836505461382,6.033595830787404,-3.219427164463616,1.337081917781736,-0.5964326767310546,-0.455597163467383,1
96,11.707578028052028,1.8592347214844716,-1.4524279401871112,-0.43373827463246206,-0.6864431014641428,-0.4325109180336564,-0.10223766178977334,0.6988546618629043,2
97,-11.505324010321608,4.23308144627535,0.8399026465675439,3.208709972250168,0.8148564573760821,0.17418833903685327,-0.7101447627380708,-0.051880009046588516,2
98,-2.382439862036095,-1.8400404776695445,-0.9841854637808323,5.3762177373128806,-1.5059927778489406,2.2784537969277454,1.3292037564560775,0.8452323056059656,2
99,-6.031062446399372,-1.3113379333010156,0.12342659734081185,0.26480313668809335,1.5699200780414553,0.015059590632775288,-0.27581878350283795,-1.0195035867098317,2
100,0.5476948802967299,-3.784041971820556,1.3952247461755944,7.572493117394392,0.0015128636234826853,-1.1761263356536678,-0.677973779077425,0.5886247192686306,2
101,-6.5210142368784405,-1.6491249138206603,0.5609538548846642,3.7405377720388717,0.44368428248744207,0.24139104639629272,-0.1151075023585385,-0.42442435884362495,2
102,-12.514950868129,6.429464291713932,0.27888914387353836,0.18628646578821662,0.35549727878711224,-0.17765555384566367,0.2818751192392437,-0.029285058132464403,2
103,-11.003536482023316,1.6415473814112844,2.5452583840630965,3.288141852124311,-0.7381687505229027,0.039011108552205354,-1.3484835777705015,-0.6502162958017099,2
104,-14.714918422364708,8.726859617468406,1.3714042749587871,2.4937120001780544,-1.3189308031925604,-1.8583785242208113,0.23141499681765576,1.3745637515942448,2
105,2.7660847197152734,-2.893763749017208,-0.4596641128874499,4.5071298995509705,-2.2889027835133935,1.537212531042912,-0.02618116288712935,1.3966304467982025,2
106,-0.42668852468113183,-3.691569784203949,-1.484637124127026,-0.8861419255938413,6.765403629593911,-4.2276052566340585,-0.03752916615513213,1.3945485546704177,2
107,-8.44623488682808,-0.5260431994940069,0.23673919385931685,4.707503038108204,-2.3275034713471605,1.1132886938383741,-0.7359003452815883,-0.3977523152935478,2
108,11.24614923925279,1.6644215297784655,-1.345609601190828,-0.828778833077769,-1.3766593625396126,-0.5164959139649645,-0.12552724911853863,0.5969960510555079,2
109,-10.783315188349551,3.2690829055955146,0.20387122881264075,2.4015316838225758,1.3382279214664499,-0.42126687974187527,-0.7356757636178528,-0.49508078877476924,2
110,-2.049003279383741,-2.1309985259970805,-1.6586534630714018,4.012836959397969,-2.1133731546801604,1.9546952521171537,1.491705832052205,0.8390034203700907,2
111,-5.690464947688832,-2.6328878699005838,0.5576662695335327,-0.5935276608915734,0.8507737596393294,0.142748640115534,0.03637493094380845,-0.27231009542925677,2
112,0.6216365852702631,-3.6838906235759588,0.4710925798849417,6.061303335493657,-0.9159639195199331,-0.8201357240286209,-0.11976885958265582,0.8308206950091823,2
113,-6.358746851384694,-2.1315760290081345,0.019921347662571476,2.8277882536203496,-0.005083923045019256,0.146328727416966,0.17642367742158602,-0.29715686615806436,2
114,-12.006443861032398,5.265312165754382,-0.10240874621893192,-0.6325818213610731,0.7494604271033545,-0.516822908973531,0.415100589759839,-0.2763288146644105,2
115,-10.81076576257757,0.5600433386737602,1.7520160343589,2.8426933028073114,-0.979692919783141,-0.15184097554843934,-0.6528496868286078,-0.7976203209150345,2
116,-14.241645659749405,7.6161824145466275,0.5237497421356708,1.1568084683570385,-1.0154537071220129,-1.7922041849430435,0.5727280503604224,0.9596452207041449,2
117,3.3167862864862134,-2.7644226902660645,-0.9268478893455225,3.1674913037885477,-3.0726404171473893,0.7949280521213631,0.2315241956373253,1.4884282948902583,2
118,-1.0539120707757736,-3.7725928212294315,-1.438059184343246,-0.8777902747330322,5.620319663650351,-4.502568359210585,0.34657196699085113,1.2874475419495663,2
119,-7.6826197335266135,-1.9221046580918102,0.3601627826461484,4.219416986907573,-2.258504004205086,0.04035778104416954,-0.46291353361703735,-0.7289992768868604,2
120,12.359867068033068,2.9668324376691944,-1.874026684011766,-2.0456424647505917,-1.8641251774550804,-0.1310861081823762,0.08837909792537679,1.6442170452181333,2
121,-10.671072878158352,2.9679371097645246,-0.313154098484582,2.364842923635898,0.660056329015362,-0.219662223381917,0.23254266234898813,0.20212518350509523,2
122,-0.34083905748726134,-1.9328684379513885,-1.7084059367519393,4.413372906750192,-2.133015046182404,1.5573680939387067,1.7972466072129984,1.4762228465796285,2
123,-3.551378774808706,-3.3527826062619615,-0.4812042862636936,-1.0254840790291768,2.068626996891206,-0.5868972437730513,-0.14281612396559612,-1.0042053536991482,2
124,1.710145623731779,-3.7915945063094503,0.05378936253120514,5.019864329215069,-0.6402296277239037,-1.27121850430194,-0.05478203884970345,0.8564005757018504,2
125,-4.816411474856514,-2.7406599392388262,-0.1693847690750857,1.3929314463744986,0.7802899378174738,-0.26838210929846784,0.05434846329494203,-0.4500617516259281,2
126,-10.979650238606176,4.360601205333965,-0.5287761729156063,-1.332118332776521,1.5139428196175944,-0.8139955831396837,0.323693350623278,-0.23428438395632223,2
127,-9.467430175353499,-0.05123762842713528,0.6290938584107293,1.2047292801233092,0.12210467298827998,-1.001440405288884,-0.4773094850425633,-1.4254144562087916,2
128,-13.518303807348323,7.289244761647366,-0.4044114527239152,0.05647847582015077,-0.41255652969114376,-1.6256251354802975,1.1146963272888002,0.5265336133410978,2
129,3.521228871420135,-2.537764389674697,-1.559566119937914,2.516443590645116,-2.9977389871789657,0.8418912967554859,0.4586653688283451,1.715257621315319,2
130,0.30907888120757665,-4.214315461065228,-1.6672395452472981,-1.8288956909441385,5.696015538587827,-4.6975763882743795,0.3833572331309306,1.3098985917633312,2
131,-6.469887916260758,-1.8660538451843727,-0.676083015937164,2.9655315199410044,-1.6334927333003915,0.14633760025663878,-0.02084127917905816,-0.516678792627345,2
132,12.869967519722042,4.238416161855307,-2.1363503127000287,-2.6179976686364275,-1.8597750389249854,-0.9021847652951296,-0.02858233100068336,0.6980490676450719,2
133,-9.150217403150068,1.982212981148093,-1.5391444646522152,0.4538388322370196,1.3552361891616265,-0.3627904729233451,0.725377039226217,-0.5752518975014284,2
134,1.0481892500496959,-1.5284453763850416,-3.6624745923390734,1.6970121474761095,-2.1070724533061607,1.4794318389730114,2.099950855225835,0.682789903325464,2
135,-2.938649886989462,-3.269924582101315,-1.5460857362247582,-2.123338447984165,1.2104350591973208,-0.9160665319199546,0.7585814281900749,-0.915460437482881,2
136,2.7096608374638445,-3.4843290310282917,-0.5922521687628846,3.929735692607185,-0.893118546509706,-1.1013751062653065,0.44944127376327475,0.86618235332634,2
137,-3.2738386707314344,-2.98836553563173,-1.249274340852626,1.0623361479383548,0.7197485746977388,-0.49464844123429597,0.4768246586890536,-0.6119368360601655,2
138,-9.78554185091809,2.8801796665607515,-1.081453839788197,-1.6535366129421671,1.5018085521532107,-0.859269882012485,1.0670161999802572,0.015427534481266991,2
139,-7.421178272726309,-1.285268897561027,0.31495963474621225,0.004508987417749244,0.6747241538373948,-0.6489159024319382,0.1287313380576086,-1.0762202277928128,2
140,-12.008816437336261,4.641518105367204,0.018017019776883747,0.1133674731199888,0.3397939471601279,-1.7320556793972217,1.44011666284562,0.556618677906844,2
141,5.898220331163581,-1.079761618110979,-2.838722079977018,0.7718388285636836,-3.361523634319841,0.5193889181217269,0.5924704441298799,1.3526653663433292,2
142,1.4171234524260359,-3.860339349673849,-3.463803517543658,-3.1867503661473204,4.955709827197604,-3.772565294707819,0.9733159158111139,0.9586010094833779,2
143,-4.451056058206494,-2.0039492256544733,-2.012736068802009,1.8218492016865329,-1.2174360134298516,0.2012028700645041,0.8255761909116414,-0.7859907234236218,2
144,13.288611477815792,5.87204235589411,-2.8156459578391866,-3.6891483924023127,-2.514484370941789,-1.0666372766177339,-0.27175638338842123,0.33741800675241107,2
145,-8.504818046861647,1.160236835387336,-2.0055072537991157,0.40212301240478965,1.1302003141096684,0.10411054165176936,1.4143241943179976,-0.36101484203461753,2
146,2.3369457947652945,-1.7187841475315562,-3.5578807699568094,1.6580490763990254,-2.4036739860627447,1.323321918125572,2.1166238088418536,1.2063494108277641,2
147,-2.7072559349750653,-3.3605516186206437,-1.6875702826603436,-2.3920232819774805,0.7284462933028925,-0.36388153145943974,1.2227505701752908,-0.44276126585566844,2
148,4.271766253434112,-2.532897658277104,-1.7788427615575408,2.9296238082152217,-1.237069094139561,-0.9638887137158688,0.8345294161313326,1.0642788403587224,2
149,-2.233543061054206,-3.273683771476297,-1.8160013443663234,0.5341809006505679,0.6144751379240233,-0.259582581123335,0.8593706684876741,-0.3188738374037453,2
150,-9.712234024183198,2.648594451091063,-1.3229146119152906,-1.337173598360065,1.1228557363432943,-0.8608279673241868,1.4044732578029782,-0.04222415237038257,2
151,-6.641849628985157,-1.3076754847089602,-0.9468550172666991,-0.48749554046007015,0.7853268255436178,-0.4257870313139068,0.8480904537413799,-0.9273370769230134,2
152,-11.73570431992751,5.486995874701419,-1.655695518575634,-1.7809282124180992,0.31370394637566923,-0.8286558517960942,2.352140318718191,0.6472761314704052,2
153,6.12392433821372,-0.5016343814079592,-3.6026867914642553,0.6435066904619571,-4.01362726421133,-0.07566811550291452,0.5651799706664733,1.4823788896774788,2
154,2.340907152607681,-3.7694121456732574,-4.206199808509313,-3.9878254149447434,4.663211316226814,-3.4140650233049543,1.2818961404472309,1.1988123260582353,2
155,-2.893170947571936,-2.3451329687129596,-3.204974842770588,0.835795875292563,-0.9544098714996058,0.10746110379823537,1.1638040989117455,-0.6944275072646067,2
156,15.110841492286827,9.59482584073389,-0.5954657529390817,-5.198281326747108,-2.909899755726299,-1.1499949898774338,-0.8235795739493948,-0.08482884870657603,2
157,-4.789763859322303,-0.8612682276348531,-3.9774380926411226,-1.0662337531675141,1.9529329072938864,-0.711030280642709,1.5442053389419172,-0.39495070468539395,2
158,4.288098421604536,-0.7653823919287692,-4.933389708598226,0.47463236261816966,-3.0383049571906415,-0.16580602649017961,1.4823357922822842,1.034624096290607,2
159,-0.5350639542125009,-3.8175997432154114,-3.1203227063551457,-3.0601771080716667,0.15787596230421444,-0.5086354428322405,1.638478090395737,0.027107462723769404,2
160,6.879527929314677,-1.2027550586868494,-3.179081066753066,1.2155179497769855,-3.14071321240632,-2.842336081323791,-0.3881451427069831,1.1650013735646865,2
161,-0.5232727306226149,-3.2272669096147273,-4.052765214564745,0.3693399411216096,-0.2299376504064701,-1.144174021507785,0.8991716908675285,-0.27589814874912616,2
162,-7.041034443765699,0.4904940351783011,-3.5165804496614386,-2.3825121355998906,1.7787493541901915,-0.6311115653729125,1.726814254901528,-0.11570816132699346,2
163,-4.948224226978232,-2.0895673540155313,-3.8166660301874646,-0.8360465438142992,0.33575294888073004,-0.8059770170667907,1.5293443300699197,-0.6822138545645701,2
164,-8.910226223087609,2.4435133115063126,-3.277700639620935,-1.3950702675394089,1.6020356515996492,-1.197021177239645,2.621200042980929,0.2882711315878649,2
165,8.182746751845315,1.4738094229092698,-4.753048582223899,-1.2548758342079034,-5.681747661938982,-1.0546439538096444,-0.246749413709616,1.4779927523376046,2
166,3.1192697324730347,-3.7060010596270674,-5.357161184282326,-3.35630291683934,3.30612625333148,-4.045054573702863,0.7141287851307829,1.2627134080339193,2
167,-1.4159119088100007,-2.4297766196712733,-4.896731675001652,1.0745671839173616,-1.6984773367199069,-0.9623954398288213,0.8632710139122242,-0.5299489406892406,2
168,15.470123211750899,12.707621222559743,0.6058243969219959,-4.233180432813006,-2.3330122368002613,0.3921281644414134,0.19248948118865128,0.16058468312393037,2
169,-2.3183348673083266,-3.0159293539887106,-4.466749543382995,-0.7472475964151435,0.3095061616476237,-2.0132206460941524,0.16715194501725106,0.1371143544345088,2
170,6.9378975100705675,-0.16081996827577028,-5.1380006010313295,-0.9437309676215433,-3.8411106053443396,-0.7368569624609048,0.22711343050377408,0.8991314459780618,2
171,1.92131557294431,-4.2905244536023694,-4.456340696925727,-4.809119904447641,0.43971524063195977,-1.4246742000828094,0.23972411864935417,-1.2503329179397245,2
172,8.982223276713517,0.005080008450419338,-2.3344592287684334,-0.45951987038396624,-3.79173475674967,-2.7608117638269283,-0.9874982087417294,1.1108768810983163,2
173,1.1582563854835117,-3.4276564988585134,-4.858512649099667,-0.5805112199293723,-1.2145772038000302,-1.5696438001732484,0.17137198894754557,-0.0839502509863041,2
174,-6.039509101367486,-0.659640365858064,-4.134823778640999,-2.1195376207265255,0.9864951381780118,-1.5908788146484554,1.1321614111557532,-0.1286620568316046,2
175,-1.842203473550643,-3.381986728787778,-4.355716542812933,-1.704412732018234,0.04956249976290962,-2.033026562110347,0.2160118102923564,-0.6372977477717207,2
176,-7.680201155953913,0.9510387988097404,-4.488028926625667,-1.0097238461556126,1.0402044523514524,-2.1595816678160036,2.370463252127007,1.05295075932775,2
177,10.870083645654319,3.129185495014403,-2.1992109200224332,-2.5458198684865816,-6.080411807270723,-0.6801307323937372,-0.8540799306079515,1.285134217414382,2
178,5.090371706632705,-4.019791477027227,-5.216153494401951,-3.5723057048589437,1.9781485336155593,-5.135356181349338,-0.32956770027715043,1.1980425408572302,2
179,0.6775317046988254,-3.06885654881946,-4.828059518927304,-0.22351538842121443,-2.4856109798249344,-1.5490273354369966,0.07813021778117557,-0.3467485105322156,2
180,15.19635860980041,14.994200526343592,-0.09473502421257418,-3.820922813759982,-1.5199806582084072,0.7711592554936666,0.9356212759704006,-0.35726366904008433,2
181,0.30367708335544114,-3.2999096889561077,-4.139815672409172,-0.7530428031016467,-0.2182873884887827,-0.2675613887323933,-0.2132092753549405,-0.30656866098774793,2
182,8.097948321713606,1.160265890385168,-4.127161193843611,-1.2146965382606036,-4.762644050212122,-0.3033329290325436,0.28392204430445256,1.0073237041738305,2
183,2.7054438850475004,-4.253877158406149,-4.264465812552436,-4.175324362195072,-0.9124172896027327,-2.334996022936457,0.06063405051708104,-0.7257233200585613,2
184,11.055389448737559,1.8544401474255734,-1.3234105455185665,-0.37247396197248106,-3.378027368155318,-1.4719595726625132,-0.6837289757062703,0.42620563418254176,3
185,3.9127341077744933,-3.311243623056644,-3.18536483412984,-0.0812891491260892,-2.766853564869179,-1.5089383063270385,-0.6008400942116259,-0.029422694809152168,3
186,-3.637517572089382,-2.7912709251795915,-3.482710118611613,-2.0234095806062653,-0.0440499142696168,-1.37318028465103,0.3893446178309202,0.07984981384615242,2
187,-0.04016100731159927,-4.153587293205772,-3.7301980088346838,-1.5059187186947809,-1.299682517129888,-1.6481307320793377,-0.19451857292492414,-0.5263239623791492,2
188,-6.042032848118112,-0.891048944890712,-4.5853767916605666,-1.6031305126108923,-0.23880481690489486,-2.0284417724974864,1.5590494416846117,0.9309096354348437,2
189,12.347251069640281,7.004614022202971,-2.134559359522746,-2.036975455618689,-5.104278954148148,0.7753240336112635,0.11956608956528858,0.7420848333562411,2
190,7.5907465900705064,-3.7006859725830714,-4.16157629246594,-4.104433952326823,1.186731558901215,-4.811582970482135,-0.8281482809730365,1.0811280612593963,2
191,3.8473171287294488,-2.506121991312064,-3.8882172318091226,-0.524081794837657,-3.1515372573234792,-0.6486878654567854,-0.2294724450356338,-0.5894964283397681,2
192,14.835188061043057,16.53157492731692,1.286398650137148,-2.532570093770931,-0.3651975796194614,-0.8420977213370779,0.8209454699238818,-0.09002095339620375,3
193,1.8798326733160144,-2.184467813225976,-4.210079988705995,1.5143517117208654,-0.4273498597728301,0.9352435221075983,0.511408699679193,-0.09811793463825806,3
194,9.508215336637889,3.491640562027545,-4.221628724661256,-1.2866864460320027,-4.989857391854889,1.5564689967369536,0.8145491487551262,0.7010434928209952,2
195,4.7391932522095885,-3.9776716819086055,-3.2641651905482902,-3.8514360715038354,-2.246124225295283,-1.2965087459380429,-0.11599654216511346,-0.4925545726234055,2
196,11.573693751882661,4.180266653057475,-0.44598032132157317,0.6522529763854066,-2.9452946461201366,-1.0250928630097946,-0.1304989312874008,0.9335322127028078,3
197,5.514341668728059,-1.7806710936723251,-2.990814419940215,0.6287748094925032,-2.404899266811613,0.11564339111115923,-0.12585814640175452,-0.25800076356207924,3
198,-2.035744626537505,-3.093012555546554,-2.9077474611251493,-0.285074260498672,-0.1834997548648224,-0.5230309546019699,0.27416889654904,-0.2406269054490927,2
199,1.5721164308784605,-3.523697925970988,-3.6057279048537447,-0.6064471331611072,-1.4206805304850947,-0.45234993435923426,-0.07603393613288945,-1.060303438186043,2
200,-4.046377690067423,-1.8868438129359064,-4.7132856432696,-1.1600640396289226,-0.43769460793823933,-0.46752916196337563,1.4509169967209459,0.8122298399010297,2
201,12.165176710128192,8.804149893405352,-2.414632888353916,-0.9026993605358731,-5.161993010671605,0.28730281769847954,0.42521252031851753,0.28045893853937276,2
202,9.039128397477246,-2.6709244816746534,-3.7890777176111414,-3.750947154255363,1.6204702443253312,-3.089837750606031,-0.33485132526815686,0.7980789508119761,2
203,4.362667201029844,-1.1887332292947879,-4.304788417211164,0.8525867100693927,-3.2375844819829602,0.3724652460668983,0.4048004849989205,-1.075539562797018,2
204,14.38355690294092,16.663168168610852,3.056551600130873,-0.9788410123425344,-0.1770635706286232,-2.1217476164588103,0.15259034485507872,0.06096941658557231,3
205,2.452793015738722,-1.4787684177198819,-4.173759410020742,2.874929676395661,-0.39309431195395794,0.45563961862378716,0.9707211537429985,-0.5689075232237225,3
206,10.169733030175824,5.230064541592749,-3.9219890961248947,0.15352463082310752,-4.389729632360369,1.081013230123898,1.2028441148684432,0.2527503109829725,3
207,7.252331117799338,-2.5635361401273777,-3.4943286561002886,-4.587306436648765,-1.3052777784713192,-0.5717454365217634,-0.13103880046058114,-1.036655935391608,3
208,12.312011039117776,6.334189468479109,-1.3668466204648488,0.5755601977025675,-2.4654397931773544,-1.1758750001171387,0.4841607098849111,0.2290572918943008,3
209,6.441946016901974,-0.19941316826581765,-3.2095198241642704,2.2596385462883086,-2.4235623104657518,0.18287589834194978,0.3029015225547008,-1.143538128721182,3
210,-1.038059386363923,-2.6078929942054905,-3.1320698359987698,0.6491788814847562,0.027371438654635427,0.6894883632445128,0.9422404168342218,-0.23529442850499888,3
211,2.257841724589218,-2.782794563687713,-3.936558984511518,0.05883081382855493,-1.228803056128214,0.30722118504784757,0.5565603341548777,-1.220433345761137,3
212,-2.4374923055409683,-1.741659621460573,-5.042021332988621,0.6449262785144187,-0.018379063568368492,0.42227207031121344,1.8867745265166058,0.3627236336814289,3
213,11.975819947591004,9.78532161086315,-1.7726751966568086,-0.1819708611875508,-5.238119482220188,-0.8007100363938225,0.09483658111917259,0.24471624076521215,3
214,10.268226332481689,-0.9046822036713132,-4.738142834444062,-3.0569937902332067,2.1023990629925886,-2.4428976458095164,0.41132575925972614,0.2553863729082002,3
215,5.364488594794389,0.1473415022783436,-4.5498601236894975,1.4355871178449755,-2.970587620944147,0.7182113021174773,0.9247138579729585,-1.2065865415441384,3
216,15.08411258866772,17.169230625992405,4.471018840671051,-1.4078706095469329,1.0873396588468207,-1.5195782380483924,-0.5805782248278031,0.25421260358363984,3
217,3.984911826163536,-1.1752928853193,-3.065629162532791,3.8223876019195955,-0.06137484173567276,-0.5529513017780388,0.6855070129019576,-0.8369732821077434,3
218,9.998015789873232,6.585015534432112,-3.701905323878108,0.972436192103812,-4.941741213152216,0.8464477308524897,1.6847737299785706,0.20468867396893708,3
219,7.939521630936731,-1.4610292752272986,-3.3386027568868575,-2.8735573251856543,-1.4367544891924289,-0.3871261042229588,0.44636275285490457,-0.9733963377418807,3
220,12.900795302355125,8.224762772492463,0.16055093788084907,1.9011774565368191,-1.933804194864909,-1.997836089028357,0.47391791127041594,-0.5958638886641339,3
221,6.807478512148303,0.78681250685698,-1.4530035248489033,3.9810243542767,-2.584304455356821,-0.8489116630488834,0.32053199144313327,-0.9321789753714894,3
222,-1.03716556197989,-1.897292514747119,-3.777179919214041,2.2087456154959093,-0.5436736474886894,1.076982243888509,1.4770264494532115,-0.1601692345281172,3
223,3.545355612677861,-2.235342068546201,-3.718686126696046,1.0086932380506182,-0.5996933496491252,-0.040712522772150594,0.7996655438786662,-1.6264280611296518,3
224,-1.764311407021317,-1.7191978718363072,-5.000623888798849,2.091345978261405,0.12605287029000833,0.28358989928897255,2.1931954289116034,0.22328592340858844,3
225,12.558390088974516,11.398584577333342,-0.7206526280450782,-0.7235220826640931,-4.916039387672999,-1.1894241996701256,-0.3593586890313868,0.23847257289006318,3
226,11.099702831566901,0.552175310315781,-3.979661079932091,-1.880112335461793,2.4751318428573814,-3.4060649220634343,1.1288768519293397,0.03881159793220168,3
227,6.357531283668749,1.0522471806324156,-3.835887847799786,2.3796119329364216,-2.845873209736994,-0.4364918661398914,0.7224093068027465,-1.4480070374660543,3
228,15.905346053794627,17.6414791858453,6.3406334324798115,-0.31341006607795996,2.8423656909005515,-1.200240603953314,-0.5601146037957454,0.520556352074566,3
229,5.33864627042635,-0.5795524600689226,-1.6948518057386055,4.9083216543632915,0.458240893661338,0.030553733521345605,0.1826270193997534,-0.3829104188519262,3
230,10.753838278950143,8.064098502353705,-2.474276722252835,1.1978011052423352,-4.5189933842613845,-0.27884719019744497,1.0585225429440186,-0.28390410639146646,3
231,8.902630428011042,-0.5240632496750836,-2.9041679623458854,-2.4309357734548804,-1.187033964174426,-0.9734597740015766,0.5437670363190161,-1.5413082055427196,3
232,13.14571688912742,9.148762791673036,1.0418578582686695,2.5630335364302357,-1.1307486775666726,-1.8637168296141753,0.1971160249359869,-0.6739692260201955,3
233,7.905129017732576,1.604663742590913,0.36041672554315207,4.795662903440905,-1.7412545734277547,-1.406466684920896,-0.43836112984414644,-1.191246832189182,3
234,-0.12294122704851959,-1.8747520296141469,-3.095058566831886,3.800349819849301,-0.8530981754425215,0.6154231302575639,0.7642819563513452,-0.11353497402004196,3
235,4.238478034902556,-1.4642847485593775,-3.3701525739857345,1.8670240614973317,-0.7350649129137563,-0.3813054700237259,0.6987220692926656,-1.5243513290891004,3
236,-0.8845914114741388,-1.2592867427214283,-4.883674096942356,2.9708589900046496,0.25107176147506116,0.02139299707740422,2.29156690976457,0.5085278393185287,3
237,13.340090290946403,12.61193358374735,0.9996844500158879,-0.9104897347013108,-4.085099498508207,-1.452838450254532,-0.7594340842309523,0.6606346673832451,3
238,12.65564825981388,1.3591093879340836,-3.262175952980655,-2.6157921196995355,3.8148444503825605,-3.2694858630192067,0.9145881708604269,0.529243008473326,3
239,7.385307087128076,1.7920286459977357,-2.708240398451549,2.696631209214793,-2.519809145158151,-0.6997788326329581,0.16907055782085637,-1.502904716459721,3
240,16.28491428113845,18.36373094634831,8.850441983785835,3.790256561471768,5.772819318656428,-0.8130215649085963,0.05306904163176718,0.16409466474694145,3
241,5.334865373084916,0.04021157213658888,-1.8451843777076953,6.078929655620373,0.7457678509872366,0.8293885437702536,0.0941524328118942,-0.7233927456527369,3
242,11.75846454107729,8.873917980848628,-0.8267782001713145,1.2888856523523071,-3.9175178139639577,-0.40712460825465735,0.4045318716716064,0.08755011352152398,3
243,9.478905654407075,0.12600363319769137,-2.5206293817781233,-2.351769929352475,-1.1120752628262298,-1.1912259951873045,0.5922311441065,-1.4848725133957348,3
244,13.535311959200447,10.529571493210929,1.6623940137858382,3.6177133569631064,0.40143196007985615,-2.0480269477431805,-0.13565193026189526,-0.7520841284104836,3
245,8.276552544003554,2.291159989036917,1.285352438094829,7.049518774896763,-1.1437978954909347,-0.5175960052561207,-0.7654359659219059,-1.7661675241765202,3
246,0.9203555186411719,-2.1369548310755007,-0.15120269106872808,6.047561665413268,-0.4569732390442366,-1.9494988372035489,-0.32088574994784913,0.5147097277051256,3
247,5.032524561976504,-0.9189944385262298,-3.1812504433956756,2.2756672856873186,-0.9196056180390537,-0.25486005884139756,0.4866753921617253,-1.8608401047612468,3
248,0.5299487707511098,-1.5720554182413804,-4.178819394201728,2.8935204412134135,0.5004226493854089,0.06379786489972214,1.7476112456202624,0.38654694262374223,3
249,13.484329007571816,14.33190329923265,1.4410395557042122,0.5072193420202911,-3.3216217604122624,-0.6870477394999475,-0.7516657601235943,-0.4018082628366866,3
250,13.015815705039351,1.4056413929489566,-2.455195342514555,-1.6371579368107418,4.567405931865337,-3.191383073469602,0.9017456026998207,0.1668300979801849,3
251,7.372044502873663,1.7510528287104565,-1.918874141570016,3.9096101670678647,-2.516554863880956,-1.005115853361444,-0.029826847886787786,-1.512544875986936,3
252,18.481651141006544,18.41912925900716,12.050634849167754,7.189544489007028,11.67944553569335,-0.6059956627417753,1.7891526453666202,0.5694009260977371,3
253,5.526315264266075,0.5198655025024813,-1.5344695215517299,8.675875830391831,1.4783514452402078,0.37669967934427717,-0.06251383380483111,-0.9176764296926593,3
254,11.990475516385349,10.437777993916324,-0.3664240075600337,2.396944301775794,-3.4731849491268383,-0.30100435441795004,0.4649300270587784,-0.4416571503938176,3
255,9.535579018190642,0.638084722717674,-2.500432433897759,-1.4722360728585604,-1.1374537239489828,-1.4557547019832437,0.5557453059716464,-1.9291718048596707,3
256,13.749723700607943,12.216254353027832,2.870532745958348,6.436829147541427,1.968343430606378,-4.094861605671836,-0.27836244472591787,-0.9921092030930034,3
257,9.382965389140985,2.975366689915704,2.899883119535424,9.157845607060857,1.250633465936997,-0.44743702526722534,-1.5732039515619913,-1.901130043354501,3
258,1.274964397701099,-1.9942845132171918,0.3792266826677988,9.979845351056413,-0.3600127232637015,0.39869792345014776,-1.147165837703667,-0.4578461526889315,3
259,6.817651848877821,-0.7282219633499193,-1.3779918012323655,3.9829140010845627,0.47605542581790994,-0.42347446372176295,-0.5014603362839176,-1.9398687163765453,3
260,2.462630239918508,-0.5208411443783746,-4.630731486503314,5.518271614702739,1.4827360249647636,1.103408301739172,1.3978873849260314,0.5881184040329334,3
261,13.474505638615103,14.506000670394991,3.454434032550169,2.4980374017005254,-2.459271889381027,-1.7455016016297418,-0.5299553946005975,-0.1585258994330312,3
262,13.684893734150464,2.8606807872376203,-3.2545634880319687,-0.9565269244143502,5.4847429900107,-3.3142337182255477,0.9787661650650373,0.878614360441409,3
263,9.01238893524604,3.139103814764306,-1.3426710324756335,4.381728749844157,-1.3300221111317931,-0.6961339692621364,-0.7464651765321857,-1.8414769461462595,3
264,22.392702085284274,16.323057767784768,13.407464805758277,11.742268887998339,20.777385540351826,1.2101199742115485,2.5052501604145014,3.415893563896078,3
265,7.668549560229152,0.4746135801629019,1.4883859429989985,10.971697162451335,4.073510835040233,-1.8951665106403146,-1.780844340390697,-1.50747853007449,3
266,13.04507291993005,12.964328727980927,0.2760486064161314,3.3284644471289004,-1.5569661443514202,-0.5396226066537075,0.32108351114791334,-0.4620175475378776,3
267,10.6789115211017,1.5008343764396253,-2.410259126135942,-1.084668279201327,-0.2514813168424821,-1.0636998600119618,0.0952521583492941,-1.889942271982498,3
268,13.217771550727079,12.538668892185955,4.483009842124358,10.515014986655007,2.542358817308899,-6.120613852001567,-0.2040601029712117,0.1485704834974717,3
269,8.637721141838451,2.7628115542326688,6.374079363902094,16.631568720269136,3.0895547992618573,-2.056160464387177,-1.676910210156784,-2.1111163064089484,3
270,1.5529256461762613,-1.7927385691974538,3.6772836749676627,15.573984563279016,1.0903257222107237,1.0870325827553615,-1.5574469922145762,-0.00699051330811562,3
271,7.40130763496774,0.5100584042242831,-1.602296334550732,5.72516865419003,0.965620208957265,-0.2123977050345483,-0.4798691346892894,-1.6104864093737208,3
272,2.0563452709974754,0.25429587460390657,-5.032542555296212,7.748019818432994,1.482140546040184,1.1041754963603225,1.680888410741788,1.1063090699065627,3
273,13.895824643506657,16.53869374224144,5.105506704613609,3.9459453293120283,-0.8678931181570784,-1.6311998474514662,0.3043616700575864,0.10071682588462583,3
274,13.560589571095388,4.081855968590279,-4.049028880910382,1.3845978266263241,5.661622743789777,-4.1519728128614695,1.495679962411925,0.8872605739606105,3
275,8.909850851224542,4.740083823244783,-0.941308628836838,8.51980121195567,-1.1873005556463938,-1.2540594914679808,-0.21372742816567603,-2.481395827682054,3
276,-5.53609525194679,-2.1925130672836257,0.3999944728326501,-1.9230358370910081,0.29518619515834743,0.8946628920848585,-0.641196208295518,-0.4239593372169388,3
277,-9.506558140082179,3.2011945731696376,1.2488546710969968,-3.370087374961516,3.1763755936092855,-1.8484522566663608,0.13224074687234677,-0.3401267956204459,3
278,-8.161606253207882,0.3065669126279533,-0.6889562014744249,-0.9995314534848253,0.6004422309232909,1.060808273664131,0.5494950759368213,-0.2150115955003309,3
279,11.846657373125577,0.5302586149367373,-1.143026653484546,-2.6186659272378185,0.07710923015138826,1.692301489906542,-1.376372751301914,0.6398944152815715,3
280,3.3675017904313718,-3.9535073424731166,-2.224441289539982,-1.3749628563714142,-0.14127807770158718,0.9756659529831734,0.07393103155601,0.4874916353397881,3
281,-12.464410180631777,6.087375171503613,1.1341676988773233,-2.2842858865454856,-0.477984654248802,0.3175295749299496,0.1915582451657183,-0.13562911054062843,3
282,-6.385287505639967,-1.7591481019104394,-0.8354681151265162,-1.00206581276767,0.39620751271553567,-1.0908177636919683,0.22773312443156124,-0.7333911442965619,3
283,-8.70433259575996,-0.5181797902734715,4.342671906497042,-1.9987831332146517,-0.6092519047036686,-0.3121345570141396,-0.5570192913242413,0.4157560899301429,3
284,3.114603751572724,-9.541270688652991,11.818362469101142,-0.5586619632662524,-5.928266211079341,-6.432180132659286,1.2276172589858871,-0.21740591784151192,3
285,-1.946346530992425,-3.7824459918276956,-1.4106246367499133,-0.9886487315968076,-0.4260934208388282,1.584942231832864,0.6063442968694682,0.11242430768619416,3
286,-1.6697072686274255,-3.9846284314094493,-1.3440526777062582,-0.2384218592651012,0.2128751931167519,-0.2429551196534068,0.19109201261874997,-0.07460829851516826,3
287,-7.815342567316218,-1.061255852662454,1.9514026029541596,1.7370676516001349,0.3366942043173843,-0.6904423769415817,-0.5619537396387674,0.5489979196760956,3
288,-5.338967277175516,-2.540018028322779,0.4489113885604914,-1.1267936349426915,-0.07244297459819182,1.2709670119742116,-0.9401890882727623,-0.6257639299321238,4
289,-9.145877504499193,2.249507237172847,2.1490075000850375,-3.09770136694837,2.600984706060145,-1.300014331918572,-0.6466775699991871,0.11263247800799436,4
290,-7.113392018682015,-0.6713915048369373,-0.11826473257011222,-0.47445747543596833,0.6866732959530841,1.5017815348015398,-0.03728976807136655,-0.2887429253886664,4
291,12.861895332111427,1.2236075598368699,-0.46155615969595587,-2.3475754759626195,0.6805670113603859,2.1532913191124217,-1.387284966952712,0.6382604257754201,4
292,5.00932928241942,-3.69751715840695,-1.9356315432986633,-1.0612923531945277,-0.17935092734344793,1.769492089982916,-0.209063642975154,0.5086506891941922,4
293,-12.362680127188213,5.567345868938126,1.2047870477737386,-2.3503353037894334,-0.6871400384159849,0.47502207319388123,0.05571723408512219,-0.04595834489787132,4
294,-5.970740715901633,-2.2851431165309792,-0.20467632490823384,-0.7770463796412707,-0.007831047733313112,-0.8231490513734572,0.04629373304124024,-0.09453315347138491,4
295,-8.0914585260502,-1.6124245655852496,5.237365496272108,-1.4687236319355186,-0.4800562459760932,-0.25372977758217186,-0.9241707114454095,0.638434837949005,4
296,4.577105651887403,-9.319490433979949,12.697540945568228,-1.0178606933431102,-5.118559690253559,-4.3647750627530755,1.1151112768566447,-0.008424759490572975,4
297,-0.6562669746619846,-4.200426511941856,-0.5427902414579249,-0.06725394274070506,-0.24817805510489635,2.2966790041927188,-0.07705981381023164,1.2296396344156901,4
298,-1.4849962796479952,-4.073150478397018,-1.3067798360402345,-0.27835381339821463,-0.20740183094524225,0.312994840359356,0.08733797334411475,-0.021940801075872485,4
299,-6.606682232098413,-2.2469938385084127,3.103765232068925,1.9902916900248353,0.6061567040030383,-0.30570803750583697,-1.1500303943551722,0.40401745914637466,4
300,-5.353496364434984,-2.3433089518423675,0.8536622469679396,-0.9136042053437111,0.09488542583232129,2.1250879132138416,-0.9846972816385394,-0.5870112021483409,4
301,-9.031036023438647,3.093208883319297,2.255432537153639,-2.969190385718556,3.600249952059788,-0.6544636461371582,-0.4051615122617611,-0.8244589485920548,4
302,-7.944004060682669,0.48331549938238283,-0.2739408073572748,0.02473064225742927,0.7691806226007345,2.427310226451048,0.5482581843265835,-0.27072218548000926,4
303,12.49553180960017,1.3361694804932007,-0.5670364139447419,-1.7630688268438088,0.8331911113105297,2.741260455186444,-0.85653807216818,0.6688162056525817,4
304,4.616949845703277,-3.55331804798269,-2.0986819026263333,-0.6949154367369821,0.3589039346270463,1.6476058951614991,-0.04043215403365319,0.11916622473863521,4
305,-12.439580339386985,5.822718105136666,1.5100816434934639,-2.2119582527749584,-0.837550152558507,1.1068743543202917,-0.15346073387906034,-0.4702604453703443,4
306,-5.526592566349992,-2.610799068097516,0.39477027011419796,-1.1990638185925204,0.34901219924652904,-0.595861752944031,-0.5094595199849318,-0.46110834843512416,4
307,-8.249714916310458,-0.9476070331346741,5.683761295597133,-1.0057029858647186,-0.32728151376600234,0.7268949664467277,-0.7234171273027552,0.5468861595199214,4
308,4.5781568533404995,-8.678013055963012,11.852160798696667,0.014433266133324185,-4.28960096549937,-4.737307944712396,1.7662987953665479,-0.4782801540986877,4
309,-1.266624461440502,-3.4828986539835163,-1.064263725776366,0.3801499039472249,0.1654875327467833,2.79741100318227,0.7408731017827451,0.4025169656367151,4
310,-1.450738145162691,-3.389168278123379,-1.2437290193256265,0.5311651397991883,0.32952590139383603,1.554378427253957,0.45286920905622197,-0.31006641369464494,4
311,-7.222726499240591,-1.1888427193102395,3.255287643609487,3.3674864389412082,1.3908421932144313,0.3694290719571287,-0.5150631836877236,0.28132630599873365,4
312,-5.5452512906079345,-1.4622678171659904,0.23472935753523078,-0.15791018162661719,1.2125269932252345,2.144069567062161,-0.07236829905115241,-0.9144327946514241,4
313,-9.710878262956815,4.069963901788067,1.664583648268294,-2.4982358305841013,3.8396709005472407,-0.8563611451616756,0.4751974658592324,-0.69729121616437,4
314,-7.130914931442467,0.06618065149613261,-0.48453781875951396,0.00790559150329595,1.8630230994698902,1.8697326558480387,0.5801752904183148,-0.4343554950801094,4
315,12.203756826396091,0.9023780315907759,-0.6101735133804094,-1.3162446877134943,1.3607018148315715,1.5719692632929556,-1.0278698090051042,0.5849693967858101,4
316,4.987859514507708,-3.2137077239805154,-3.0216934093706636,-0.3920225511417704,0.5492806168677107,1.3126281124032673,0.20133437073102955,-0.028582563001535412,4
317,-12.326524758215442,5.727627608606394,1.7178000642067262,-1.1746938731637604,-0.16450787311923687,1.3005954050507718,-0.014142025691366467,-0.6133944561698499,4
318,-5.562454470504765,-1.7409353571330672,-0.6578193132804534,-0.7761119035752427,1.2172584983866104,-0.07909190432980628,0.4741780484707857,-0.6459961309882485,4
319,-7.495020468932356,-1.1286553644525779,4.7675917157949685,-1.347536898094688,1.2455384679616528,0.23867751096250767,-0.6406638826066184,-0.05750162278431503,4
320,4.252788079794962,-9.074631706533737,11.935050603861459,-0.3358165568384881,-4.348881435496072,-5.5673594943274916,1.7071520383438583,-0.5217341950903394,4
321,-1.1371812502357743,-3.5846002455816675,-1.4801383030115456,0.11708773125553976,0.46468164904783515,1.8434092025378201,0.8181371710070592,0.051880117256702274,4
322,-1.437673988518738,-3.0337914403053237,-1.889190233200455,1.4261246406141885,1.3086164142378887,0.841663177216422,0.9928701607282404,-0.3941176902545139,4
323,-7.666246429773586,-0.4674383905728289,1.9844813819564144,2.8342930531405393,1.4677514414253041,0.48885937326008766,0.09091565854531425,0.2781570949575217,4
324,-4.849368514026429,-2.287709497511606,-0.24193248108040225,-0.7627224831498545,1.473101137302564,0.6086419162469348,-0.2822904406858399,-0.5874194666049517,4
325,-9.398052016328508,4.075501463941988,0.9018148753254881,-3.0919153330120475,4.236896468711097,-1.326119670326568,0.6896384094670192,-1.0778308916786599,4
326,-7.150969466396454,0.036040123890778944,-0.7002935649047743,-0.7833742090251841,1.6984805824019797,1.3821190271669603,0.44239682149386506,-0.4995574099830411,4
327,13.359759281721558,1.4124335800041634,-1.3406697416658513,-2.229277070001868,2.214612435745658,0.9933341279791432,-1.3753074308272768,0.20904718642095244,4
328,4.553854862893908,-3.5526842433609165,-2.513731816373623,-0.58531714328952,0.29987206698801505,0.9428769116383346,0.07731579595778859,0.42733824355997596,4
329,-12.304954026482848,6.394793126256262,1.4426670041233653,-1.9279187180203687,0.08732359250963118,1.1672793779877493,0.30941329861212963,-0.24670638506593345,4
330,-5.204726458080318,-2.1912447385327463,-0.6776263843494738,-0.600112483289724,1.4525487762770994,-0.5502551408229998,0.38458283397524734,-0.4481923169430051,4
331,-7.432019665483402,-0.9251163783462665,4.531220333928614,-2.1121991409831127,1.2126421969199637,0.5746418051167116,-0.29383186083201845,0.3491423112013754,4
332,4.6416710113378,-9.143808807696807,12.076822397682061,-0.6694442237068388,-4.2431056087175705,-5.797845896488773,1.750951969393634,-0.061986560896861054,4
333,-1.1206041920963117,-3.864228417638826,-1.5737741107743721,0.03945018367107281,0.25772143027929373,1.2962575036437178,0.6009906144211637,0.2896064531585882,4
334,-1.4961994627439748,-3.2862276601748874,-2.164522755175591,0.5241992804140717,1.3932750402191298,-0.0492970425404642,0.8724029828770145,-0.12492584378408711,4
335,-7.017050304274296,-1.3846355384683,1.805678142911792,2.5518142971505977,1.557093347295941,-0.8113361677948807,-0.38521768855743327,0.48666719931742797,4
336,-4.499991869209744,-3.0128651297939553,-0.30833656726862385,-0.958227095625335,0.33849643385815964,0.2950458656728975,-0.45584013267185786,0.4495520676333269,4
337,-8.938112717664563,3.412992736974549,0.31302167257413566,-3.3781627862438057,4.056575923332643,-1.5277041846986406,0.7514494828318272,-0.474589809656196,4
338,-7.108292650050142,0.059725531349959074,-1.3890175314055306,-0.8961056891980581,1.4120443862524592,1.123703405667284,0.5246307038485742,-0.3234809666240519,4
339,13.101293097731467,1.4657973640407953,-1.2072116941957665,-2.1668229055323707,1.2869668418642606,1.4868846393463309,-1.5268059488093444,0.8068339819697448,4
340,4.913867320735868,-3.620627015520113,-2.6994475970493,-1.1969354385795712,0.22060572203104756,0.5280823686176754,-0.22150600315134783,0.4020601103818957,4
341,-11.920102954331128,5.74215323375253,0.46891838480537884,-1.993233953578815,0.3916477792526769,0.55803921040444,0.5695576726361928,-0.33701362839779225,4
342,-4.948668961969872,-2.3672859775006097,-1.2877067380366154,-1.3349949024822074,0.9991312435166495,-0.8761934188501955,0.3250815973197858,-0.13299060767645177,4
343,-7.6717950970396345,-0.8602694674249005,4.075339370952115,-1.9688774752637568,0.7233551402983264,0.3049918894684941,-0.2599252408650032,0.5079730764653165,4
344,4.6335717763440005,-9.052377998425838,11.6293466283013,-1.2031583651763151,-4.475365086600388,-5.35548285210729,1.4922498249336964,-0.01217281896515876,4
345,-0.6814344919495775,-3.8053636880268904,-2.2080725288984264,-0.1725757149621,0.12154994831058341,1.2860715188384049,0.5661518158794785,0.1494238210425236,4
346,-1.3217175101500371,-3.73270867393385,-2.1832478198777614,0.24542100424417201,0.8354432396250113,-0.7824968897721042,0.41956805333601666,0.0228618746920225,4
347,-5.688122959639834,-2.494829456945773,1.5772056157735304,1.804144506992571,1.5525714548502116,-1.4118977845127647,-0.8870720478356094,0.5780856344843351,4
348,-3.7114078911108246,-3.9873943258195865,0.20740632359857153,-1.6441231179318507,0.04475750489587714,-0.35283272549127914,-1.4021278622380478,-0.02398956825378762,4
349,-7.996328895259276,2.2320943878318005,0.20577181550171408,-4.0127566264094785,4.2050955291944065,-2.58296947014244,0.19324188646209417,-0.45126322755632353,4
350,-6.0347016612501045,-0.8100675636702185,-1.5752996496630478,-1.1983138792802561,1.6823379780495338,0.5551223742559787,0.036596347602209645,-0.5950514311549078,4
351,13.742977344655927,1.4931413928429316,-1.1836905165872829,-3.087051051658618,1.4104259057209538,1.2423591303060344,-1.7522175011300252,0.3665792981502587,4
352,5.321790246052906,-3.63974809561931,-2.658956161865733,-1.190251449925276,0.03200272733027831,-0.04137853828990301,-0.490103756396838,0.290727645778827,4
353,-11.47084363440251,4.698323360502906,0.5948466999677897,-1.8864257118798804,0.6378135529775748,-0.08505935318778213,0.24471167391222703,-0.17446999778039962,4
354,-4.509465808129089,-2.9290959187216306,-1.4625273829153524,-1.1701474621643955,0.563473438054835,-1.5550681676093339,-0.012046459903401918,0.0025152846434490783,5
355,-6.972388608431893,-1.4698265294334996,3.342782765841312,-2.2305516452197542,1.0121202600716257,-0.0985538261907345,-0.4661685737965932,0.13380781154017973,5
356,6.569669263096068,-9.031525887592448,12.562041093468158,-1.9982215013747586,-3.5848458155428267,-3.4810482638885656,1.0412219810494427,-0.14293124465885665,4
357,-0.19466681892862658,-4.37768599557365,-1.8169322188963335,-0.46644517235749694,-0.4484919276620213,0.5798893043505292,0.09764421910077381,0.4322273237861875,4
358,-0.7492290645201433,-4.0272312270590005,-2.298960173957779,-0.23820977084617978,0.3244949771219292,-1.0677559512283559,-0.01130624686767523,0.21283776171442503,4
359,-5.2947993720658495,-3.2408749410888946,1.5677584915517417,2.304386088887048,0.8246523862605816,-1.5569110053355022,-1.3159620221020853,0.666596406082767,4
360,-3.26714074507204,-4.466436343502428,0.6601788900007668,-1.6329018220553624,-0.2451403914147664,-0.10706988583621385,-1.6587360337782027,-0.4233987199367317,5
361,-8.263693013308602,1.4487289911748369,-0.29728923444267336,-4.022413026279598,3.091904594163628,-2.9125796295114066,-0.22523426678623515,-0.43996019076244575,5
362,-5.522007714362711,-1.9755929733856497,-0.8655342909132738,-1.3140709782137034,0.5605713639487422,0.6292733163597045,-0.5156226541700087,-0.031499972777417895,5
363,13.952271820638595,2.2835983740048125,-0.8020859381353431,-3.138396533677077,0.9429044612829185,1.7502385337479058,-1.5440059917227615,0.4364563668528014,5
364,5.826766750017558,-3.653569187233468,-2.2301098507654724,-1.8102950577053407,-0.9008773902820707,0.19569510723084238,-0.8744051803731148,0.5585618958534839,4
365,-11.226710810234767,3.3871611826398005,0.38609675163559076,-2.066169648425509,-0.3316490462892667,-0.19993711062207198,-0.2448375720499968,0.08835912349408948,4
366,-3.9389601920165798,-3.9449158436573404,-0.6871708592785455,-1.3076313885911508,-0.252570989557,-1.6653788715563385,-0.6142285937084397,0.12049509261558189,4
367,-6.431215616025352,-3.062800305955546,4.463841543107391,-2.525636515523747,-0.21856837519599948,-0.3241904800542509,-1.288895317778962,0.8178956893136712,4
368,6.9032538840961415,-9.004148923654157,12.882068338813665,-1.9846513021648593,-3.41080587693685,-2.216004321621202,0.9969809332289338,-0.23426293721840702,5
369,1.2439755750042836,-4.8315959009485026,-0.9183628293709223,-0.8868240254816054,-0.9702757554853949,1.242032816151632,-0.5728794239381323,0.2490845149511357,5
370,0.014386895018123402,-4.910388123557283,-1.583459845788107,-0.04646357027392156,-0.6369879134910611,-1.0579644061902296,-0.6369759895448984,-0.08377909397715655,5
371,-5.087229465383173,-3.7562110193008746,2.8644246913392912,2.2785538738972004,0.2131754704211713,0.21063311634808435,-1.5220023815771033,0.5397758317020699,5
372,-3.066391149541074,-3.7486155067136626,1.584750506172385,-0.49052124538511244,-0.08993565109624829,2.659393353855294,-0.4128978739390532,0.4135485798578079,4
373,-7.8322633944295115,0.01614078634660654,1.0051111938635975,-3.4900468277273395,2.3560761087174837,-3.0375262752684105,-0.9163034474991181,-0.09939427416453217,4
374,-4.858201492372153,-2.532734816743642,-0.06834147052036302,-0.9803145850590674,0.5545174950586366,1.2345269120824471,-0.8013956752422232,-0.323556680011829,5
375,14.934734846168725,3.1024045051947566,-0.7783574982302577,-3.1707752177134334,2.441425071352607,2.445818572289598,-1.3240030967121634,-0.20917616896952906,5
376,6.590115795180536,-3.435066567994306,-2.3739992134047605,-2.5443630862042106,-0.7838447776843697,1.3067231664545513,-0.6851428125288945,-0.06641313054833824,5
377,-10.845105706950289,3.019555434424695,1.3395182839001296,-2.468822225122387,-0.3704038683916422,-0.03299444425423581,-0.722746958382281,0.17414344727281117,5
378,-3.819073084759625,-3.764076685471873,-0.5370741499893237,-1.7459356637986303,-0.05067158304858388,-0.5460217083636814,-0.5750420048663178,-0.2509035098425598,5
379,-5.560867653496112,-3.382830637770691,5.716549459191613,-1.9944228359473362,0.07059579573579602,0.857724853698271,-1.5285503623521015,0.725016889147834,5
380,7.149448797770936,-8.224599228239974,11.626442673885116,-0.5023721033984128,-2.5000501107036204,-2.357350120433798,1.7492416373451394,-0.6734512746174395,4
381,1.2848289777221609,-4.5018399227670045,-0.4707552545352106,-0.73942867105391,-0.5917860115760495,2.195274780433371,-0.08305179535500584,0.3095131062959863,4
382,1.1587989259522349,-4.432011470566321,-0.8881040317623483,-0.3071425057647977,0.09223149377961015,1.0591452204474545,-0.22134692466318517,-0.1087165093378567,5
383,-4.350857439482789,-2.9487994763974843,2.820945483905002,2.6483380702996104,1.478904289842462,1.8766550276149083,-0.9645093607473694,0.39210629688554766,5
384,-3.118086376466715,-2.522976537450517,-0.1581928216499544,-0.34330391037506214,1.2188776510893895,2.077527770821968,0.27280801204383903,-0.9913831555898144,5
385,-7.056338576836041,0.5703308601798005,1.4796060286105681,-3.5286273339091347,3.2965436575800577,0.09900043056178634,-0.3286204178291451,-0.6433022423772612,5
386,-4.590625471316431,-1.7939815776849566,-0.5650969026420001,0.18641229462892978,1.199443314114681,2.7961377561194185,0.3103167313183196,-0.38792703920457006,5
387,14.304920741826614,4.03171317574496,-1.6634107720770461,-1.8058176946903455,2.743173641988141,2.041782882481658,-0.5445478389884039,-0.4620116140527739,5
388,7.333437943344967,-2.185512778263904,-2.087066388560652,-1.4868411788670508,-0.17802062895943171,2.074697696161545,-0.13278125663385332,0.12354041121181703,5
389,-9.972761370355066,2.403681551495257,1.3876785102926457,-1.8740684368216194,0.055016533843117,1.4009851613204116,-0.41944875685578686,-0.05092477235684045,5
390,-3.6052665144008404,-2.808252631825204,-1.1426535254746064,-1.277172584840668,0.3787974038302985,0.9064919894768229,0.4600903837572615,-0.20561576858268293,5
391,-5.155586689976991,-2.4889569648492493,4.77882677898875,-1.776195010079156,0.7248218976574607,1.873373196399343,-0.585505163354191,0.39170117755597167,5
392,6.988805502207029,-7.519023576786522,11.820458221619822,0.0454081002599116,-2.3774066292639864,-2.758511400670876,2.4840039216229397,-0.7822273013382183,5
393,1.1201982919817806,-3.288055235539467,-2.045569227248591,-0.46139881292117657,-0.05446328646624998,2.684507370784231,1.0285149409509375,-0.17191655156064783,5
394,1.4189467119478931,-2.8359756799178863,-2.2624100042316377,0.6051188990828392,1.48142873060561,1.854517292494512,1.159240919262916,-0.5897720323840158,5
395,-4.8518922562087194,-2.1670416256583436,1.7617956878452887,3.8509466050157974,2.201987315857693,1.0014661836519292,-0.007668444014667153,-0.062299396849265776,5
396,-3.124681762784883,-2.650688684131954,-1.3360406677847216,-0.9993334031196603,1.319201012406831,0.9549318408122189,0.12673118739847805,-1.1950290166886965,5
397,-7.478230492384265,1.3364287920325328,0.9869396516327769,-2.3336209476210286,3.7688118249437936,0.39584002996056533,0.8169234329687869,-0.5396304884779132,5
398,-4.722428700283561,-1.5082685643054408,-1.3229657342613015,0.7492804407041731,1.4596835366452257,2.2676139335853653,0.8385201811549063,-0.326084580181197,5
399,13.853820608852505,3.714693747497384,-1.4013361245713614,-1.0945477405381678,2.3554266937206023,1.231839617413816,-0.5762652315703087,-0.1704997925765841,5
400,6.943919689115423,-1.6406304068854665,-2.7723620667157074,-0.6172961735792457,-0.1424902402746896,1.7930071380132675,0.44279472591423097,0.28397493016235287,5
401,-9.995860987740505,2.6407748779837417,1.208890178689484,-0.854565750899983,0.6031620214811855,1.66240586318979,0.1767524121444345,-0.17606469785152856,5
402,-3.53813511785812,-2.656617027361539,-1.7026412021538353,-0.7162057882030546,0.5752197353755222,0.5757526009070718,0.6351711758148738,-0.44259388843873704,5
403,-5.342427804546896,-1.7970620583189314,3.5382676415047483,-1.4323292082470869,1.1086821114775856,2.2600485364848613,0.18618460083532126,0.2815471610246991,5
404,6.427757707767687,-7.4551060403613985,11.229796509426581,-0.6961544653661131,-3.0067615454399066,-2.916032405407866,2.7879194865126795,-0.8247388708009027,5
405,1.0269698222460397,-3.35542591485033,-2.2962344713686567,0.5431097470783183,-0.2685727333364094,1.3133080488177302,0.7675606127439363,-0.20328075409047408,5
406,0.982936379597836,-2.6505480124859107,-2.9809146113461744,1.307263952896619,1.397926894164618,0.8196755779133063,1.2588490694454126,-0.6302645596529064,5
407,-4.525349039868467,-2.6734336672092365,0.8185204769970331,3.801227335592575,2.1488745900886914,-0.8776103167007318,-0.1917245202219947,-0.046801085998223746,5
408,-1.5812749435033755,-5.566630216545314,0.7440056189621498,-1.7192131524307266,-0.5437736596089687,-1.0695706008673345,-1.9320794139933652,-0.39315795900033446,5
409,-7.308295929628313,0.6241792481097861,-1.9087069298460972,-2.2734466563351092,3.8291471228216096,-2.4404146131150886,0.6144606403798184,-0.7424343182095938,5
410,-4.592466818529288,-2.339310648781143,-2.2280700189355596,0.685749172629338,1.0059621887459416,-0.1949680866490956,0.2752606476355685,-0.4096172579731404,5
411,14.30110713354581,3.3829880535083414,-0.3009847966920758,-2.5445283337140157,1.3838128483575276,-0.4824481485891736,-1.7196686771554104,0.0628484509558278,5
412,7.8189853349564755,-2.7615040123478494,-1.8497084791523664,-1.5724920121977073,-1.429953643680729,-1.0862047220881599,-1.2469804530595747,0.2395634526004337,5
413,-10.645733702274903,3.1894789659193536,-0.9186581848257622,-0.5148528881302221,0.327170998999891,0.45875527704994434,0.8555381331732456,-0.36653984328695954,5
414,-3.2815123170889673,-3.2955318053215223,-2.3400217046840464,-0.07764304783633524,-0.06804567953350321,-1.9399942998819888,0.18190829537104958,-0.08751199954813382,5
415,-5.386286303108508,-3.0046761810483678,2.240387093613033,-0.6717904024078327,0.5515716526694514,-0.06159508946554337,-0.4080247992518776,0.4341280249746774,5
416,7.973135771716253,-8.845974282808001,13.659312180329016,-2.4910711309358335,-2.9353979218420254,-2.06366127844955,1.1319204808052579,-0.3913740201617967,5
417,2.251585023256818,-4.877694296180935,-1.0560671526450456,-0.07663692214017487,-1.3979564143322354,-0.7394756783709732,-0.8534203127723503,0.12242550785540918,5
418,0.5439138841002252,-4.067586274514244,-2.7638891971943353,1.493308339035915,-0.14669609389070826,-2.5477307973442027,-0.09116836903011705,-0.37082746413910606,5
419,-4.64786683481183,-4.001587693825412,1.1194432028739694,3.9262497286557494,0.5682780552726725,-2.8684491804099914,-1.1662136015117026,-0.023251239838106508,5
420,-0.38736701867413637,-6.024033308501576,2.0445160939802323,-1.6057053285768619,-0.4917225279489055,2.26141519090394,-1.404422755317316,-0.0478179811741164,5
421,-6.2491438792966445,-2.6714039710559963,0.338047613729052,-2.546476675813784,1.7282036917883115,-4.543160076165412,-1.0289463249668411,-0.1312456722005506,5
422,-3.6505354692743484,-3.7828054429076454,-0.430703135284965,0.44357866493885495,0.0433767767484779,-1.709686968852388,-0.8242500362208838,-0.2028288170836665,5
423,14.957630364706853,3.140714951895115,0.5500697406172022,-3.0778027671177792,1.3237351118067728,0.19924063033152528,-2.2198007120410685,-0.8246927290252062,5
424,9.06096106287157,-2.879544212937447,-0.06765958440482844,-2.0678837443219202,-1.5150371624766994,0.12500349364641217,-1.6898865926866922,0.29703969974809097,5
425,-10.111989955207786,1.2405427934716058,0.05305358428029139,-0.27475372247344165,0.03358692271900443,-1.6268019287201014,-0.21876931387019183,-0.22443290895376533,5
426,-2.717516301307209,-4.21068878118113,-1.615303901855183,-0.9207269615929405,-1.18344273949497,-2.6818814792199612,-0.5846971494517906,-0.21165920903087376,5
427,-4.452404055977976,-4.744025144981076,3.320020703981508,-1.56819218731598,-0.20520837223142485,-1.2832384943992268,-1.6626727557995682,0.26189641636229566,5
428,9.57383614012094,-8.413874659039895,14.750551365407532,-3.3269925607047504,-2.64254790414979,0.08978580452206197,0.7574156240643362,-0.3411084033936801,5
429,3.9359121682452245,-5.308287031367984,0.9273463462576983,-0.7859367707027483,-1.5202811914297134,1.7128975947250724,-1.1808875834829604,0.23725861432458106,5
430,1.7177091750933349,-5.2166741975666,-1.192556493525997,0.23316594935635715,-1.4072181923436982,-2.6029568078849823,-0.9481315392731119,0.011261230914143272,5
431,-2.30685463501172,-5.834812514817916,3.1665876789852767,2.208537366610929,0.2758825339595128,-2.4155744142064535,-2.2203010078025356,0.501581702583962,5
432,0.6222648992451267,-4.471691110316346,1.0545009725207888,-1.0804452444501587,1.3419606102897461,4.38767764417185,-0.7395015735932385,-0.14919792502675722,6
433,-4.186296270920155,-3.3859701708008645,2.368863521142828,-3.79642786551442,2.5206996496235465,-0.815179930832479,-1.2379205150730905,-0.42637412283643217,6
434,-2.287043927664047,-4.634740603309026,0.5473870753493804,-0.6401015468315893,0.01780997870537815,-0.06983201361383828,-1.2421101488197288,-0.2366841004006306,6
435,16.410587584197092,4.8662442088427085,0.8124690791135176,-4.685822684148801,2.1494145714670356,2.2274570735497865,-1.8256347891216909,-0.24047975857619086,6
436,10.396233513159453,-1.194215823201617,-0.8340213487779432,-2.5827885020843357,-0.35085576987807876,2.6131202168742016,-1.039326924656642,0.02064764464194513,5
437,-8.587775641068013,-1.2391525080323829,2.0005321268276104,-1.2820389821129772,-0.43901502708231566,-1.1877550806579835,-1.2181006714067935,-0.14147817278485197,5
438,-0.6311599482698955,-5.3704692344019245,0.41704181878039326,-1.8329934683623434,-0.8860489002764893,-0.2621095356275266,-1.1245910112054287,0.26595681911968805,5
439,-2.4201831414829327,-5.64948455054428,5.330185207013744,-2.6028433296201285,0.22550523019174573,0.9411320240377656,-1.9888441338899452,0.346970524578073,5
440,10.960935746933123,-7.442946842991445,14.876342895690025,-3.3372275835924983,-1.2776910758777626,3.045041972447566,1.2569556163209676,-0.17953506236658945,5
441,4.654201696355132,-3.2740651172582513,-1.3566482396995103,-0.3058832890445053,0.36904977083864143,4.209736960041192,0.07909001471527577,-0.06050231920882908,5
442,4.13071297719856,-4.979344722885737,0.17250646658785318,-0.672098690407231,-0.8312463636249054,0.5588366749521074,-0.9187856483323124,-0.18552229795966785,5
443,-0.398623957688247,-5.605728245438983,4.546732587717145,2.0278658426944567,1.4580453619973646,1.0654132987579525,-1.8486372368111905,0.34165140018935847,5
444,0.12748752281575856,-3.0548299344318357,-1.3236011883684338,0.23810477175994213,2.202837874001541,3.6460342785574387,0.41875139449729315,-0.027200120752326695,5
445,-3.925595844679124,-1.2198246578608516,0.542341831322782,-2.8938308339003886,4.219131878295303,2.061040606075983,0.2655911735415989,-0.5227333712324054,5
446,-1.1836229591312362,-3.841069593821456,0.05319286618936173,-1.0165503305690722,1.2059955071184767,2.6427911562850586,-0.6991640284107277,-0.3856791505260606,5
447,16.99486198306456,6.1287585303428616,0.4851812490573233,-3.575157935545436,3.959869709767915,3.8214902591261475,-1.1602450744891195,-0.39718844901391437,5
448,10.45314941617138,0.13895197218666266,-2.678570135229764,-1.9121310163084808,0.4342167532961061,3.669090306506659,-0.052271628984272844,0.10402990122805411,5
449,-6.926481447785647,-1.3934748479770451,2.3823233603269456,-1.442119796592871,0.8471935442618516,1.9858813388251129,-0.8037152094770473,0.0784069801732108,5
450,-0.21787918517640548,-4.304015645996943,-0.5526183427004624,-1.146786590295466,0.2951894967670231,1.380135664734648,-0.4024471840692999,-0.2929916055266697,6
451,-2.297514722896789,-4.304066305504865,4.69017329841741,-2.4324863872534594,0.9298301639765187,3.6565608090725767,-0.9952912053183248,0.47667711336707086,6
452,11.735413561646379,-5.53903344640905,12.995582076473854,-3.3166748652372933,0.16327702218666396,4.941617896001999,2.453439094673102,-0.6305260288203779,5
453,4.828059079341607,-2.4281777054870703,-3.2242084909011277,0.2876765984975771,0.6943973335337655,2.6077046652367435,0.3837227732229378,-0.20015305289526897,5
454,5.190716696327776,-3.001930220213901,-1.5062195573863661,0.021540252817904393,1.0411186652017115,3.4268632372223333,0.33348285514694853,-0.40862528488497224,5
455,-1.123417361681151,-3.3599842765977765,2.037512979799607,2.4073096615615484,2.2951413417532525,3.386184227351632,-0.35814272104704725,0.030009423393692614,5
456,-0.5494029914648311,-3.444467695805578,-2.699464224137221,1.1028997054861975,1.4759523702494348,0.6313988925832273,0.4750113002621526,-0.11543104117854369,6
457,-4.020999316320882,-0.26914189320758264,-2.6619929961809823,-1.6241681839834128,5.175914116389972,1.1605332924652627,1.2356097045965742,-0.5829961931934649,6
458,-0.5204721109212428,-2.7067659647252604,-1.664081768910911,-0.5508462568740597,2.506476775806757,3.2810028356010195,0.03895850582368107,-0.8002968643427653,6
459,16.43135560983565,7.286742263332443,-1.1626948437252367,-2.035748789352745,4.301793778818843,2.442522249745049,-0.5475419589891297,-0.8160713954951282,6
460,10.0245877102519,1.4710949518228804,-3.815813096071232,-0.38949044574852,0.4779750856176306,0.8946143454793125,0.24045000204271694,-0.4663624038507841,6
461,-6.667039270958962,-0.021805720760376263,0.21122732180769477,-0.904493156444678,1.9738255751509217,3.0640537192640016,0.24785863134586666,-0.12250461216366415,6
462,-0.034011526182712803,-3.242504633147014,-2.8351359642207736,-1.0485810483941795,1.2942607405628932,1.5024314322196028,0.392388358900975,-0.5823243144603943,5
463,-1.8133957143807176,-3.4131996553582513,3.251801410343874,-1.5864861981271983,2.3138463933658953,3.9330044086420344,-0.26429350191294115,-0.09826951600854827,5
464,10.614624773108376,-4.594735901855891,11.294779804425236,-2.3580318793355484,-0.11190669794754449,3.655322639589994,3.332256577487824,-0.9119025534343277,6
465,4.382895851271364,-2.8195579200708663,-3.6410486095009773,0.6284673435718116,-0.2687001394162366,0.08498288918805219,0.18315528230113642,-0.13565950478195565,6
466,4.931528863470458,-1.7292648087080382,-3.6999395437825284,1.155171087227614,1.8954656570846131,2.6144304985150475,1.167397049593238,-0.6204704528745912,6
467,-0.3841276061252302,-2.806654001451183,-0.07630832731904813,3.626931165912658,3.521228480170306,2.1713176515983093,0.222586962159626,-0.27838525760965543,6
468,0.03725856305971098,-5.2040311009967,-1.3703549555154384,-0.03174731545235654,-0.4307211636129191,-2.5874064118067226,-0.47458223348856854,0.36760136525827297,6
469,-4.377954457922416,-1.8811813818231415,-3.4453710934660875,-0.11722935688209168,3.368339424724346,-3.6724368259130773,0.7304434915501004,-0.3229845584294787,6
470,-0.24471818146921076,-2.3468137143804757,-3.474880148532784,0.35774559513410387,2.958028588624587,2.2837871243354932,0.45886026847430234,-0.7328270598768069,6
471,15.896881127877869,7.273493132688464,-1.7667256247842043,-1.6780668856390186,3.7845528415862257,0.6383987545645278,-0.7457481645784347,-0.976094860797857,6
472,10.261931002994297,1.0789794326809514,-3.4436115280956807,-1.0028849064483638,-1.1017078766354824,-1.6721989823921708,-0.6044734901591278,-0.1278313461592917,6
473,-6.8924891897207505,0.46913171942464227,-2.2674390638780615,0.05303459895979698,2.158610920185117,1.5349096342444164,0.7927781096418643,-0.5756738291920385,6
474,-0.02564216823636678,-3.068633275528512,-4.1462973766039575,-0.3355687431422292,0.8613647064726337,-0.14405502354391786,0.5933567725155333,-0.06350818827924226,6
475,-1.2754988805220948,-3.0177660375893356,1.1494202765827124,-0.4292834255880893,3.029346827360527,2.7158468669500158,0.2621794408663014,0.019097175976875547,6
476,11.669585779613756,-4.216770123785885,11.271071355326646,-3.3689387198635643,0.3452649198017754,3.0715283946889915,2.6792424808442004,-0.6058205222848825,6
477,5.18395383648648,-3.964186944243437,-1.6377559159692807,-0.0804957500850676,-1.904672844380544,-2.242807789707036,-0.6830582359311541,0.05010520736500931,6
478,3.949519109480713,-1.7317213568946972,-5.265338681045417,2.084789767079214,0.43263332342318994,-1.6702897754303474,0.9030971146749968,-0.6135253073111059,6
479,-0.7847742732797018,-3.6046562548957444,-1.3093121716371174,4.6092103873084564,2.454592452301583,-1.683673609066132,-0.11808211113194002,-0.24344139099263135,6
480,1.5281290131884055,-6.5579537653678255,1.1541747877694255,-1.9874032398082622,-1.202573634011025,-2.27709030010681,-1.2858247161590066,0.31626093726532156,6
481,-3.193567957984819,-5.2819397922150575,0.09487138563907405,-2.0906170062908696,0.98056678077111,-6.213653223990132,-0.8799095541124559,0.2572301814587047,6
482,-0.1671161439866362,-3.280292324743772,-4.2570612861465245,0.8824087651250625,1.506033462502803,-1.4701749043492196,0.1861110702947491,-0.6232439360737176,6
483,16.357304179878643,7.212764016233701,-0.7299349007797866,-2.9173083471951338,3.165730256177048,-1.7665458497049573,-1.5029896449234799,-1.13931788364836,6
484,11.167812859942297,0.26132302183146305,-1.5215985218174954,-2.8864466520356302,-2.069306385001688,-2.574108622942791,-1.302261528043083,-0.11356266965670558,6
485,-6.2995981117018465,-1.30423290975668,-2.0561647709559465,0.30031616469656863,1.2446318870529935,-1.59691284098509,0.27275895047864246,-0.15295856892800397,6
486,1.114993221515111,-4.850437551288444,-2.7098488850138382,-1.155760131468804,-0.4869784584315773,-4.26254351757083,-0.6047036921704548,-0.24142267974328674,6
487,-1.404480328317512,-3.787915793734137,0.14154838516681817,-0.17292236173725478,2.111919831304116,-0.00418564424765322,-0.13566927766430303,0.036701882918102724,6
488,11.967467632014962,-5.331966362056518,12.314759550372889,-3.9883684270234574,-0.46906650674194683,2.2597346601798485,1.7486467574119016,-0.7557931003087003,6
489,6.949907570298439,-4.245353809473941,0.042453522044484826,-2.3374729632660984,-2.311011544785981,-0.16345336237186603,-1.108247922454969,0.372209846441432,6
490,4.470729591335356,-3.291180615998888,-3.305355239455408,0.8862804510905853,-1.491963162906976,-4.267022653859452,0.10213667050712805,-0.33183801902821874,6
491,-0.3223174200595479,-5.371297915183921,0.6125213148040732,3.582812939976477,0.4202602737106389,-4.460780852337274,-0.9636099921031924,0.06178039608199826,6
492,2.6212171110929043,-6.322587882289624,2.368328575152538,-3.4646878244375885,-0.647513557433679,1.4481236941005742,-1.282288099235921,0.6562483219196567,6
493,-1.6598595120253408,-6.101593511262263,1.7782044225135025,-3.6577833994681557,0.7207193717902978,-4.319916722867427,-1.5813511864657919,-0.09660637318863952,6
494,0.6033843495755744,-4.2060582167812415,-3.481490212539129,-0.179345053966113,0.4080152399886403,-2.8408525813270726,-0.46037240650173683,-0.6982056747715952,6
495,16.548186852866642,6.639024848140246,1.112502900878745,-4.036735908385679,1.7789650065680709,-1.3290913168076197,-1.757105820202793,-0.28788611312371426,6
496,12.536128681028243,0.7566391234704251,0.4979731311011655,-3.7539965920524514,-2.341129554733295,0.8421154599713985,-1.415577275668407,0.45596747983177366,6
497,-5.959885585502185,-2.8204308796352855,-0.3396780676347464,-0.3850544183004568,-0.03364076006274777,-3.530826391316856,-0.4643981875088932,0.19226678040921408,6
498,2.2261819510061303,-5.72880369491316,-0.437111773274083,-2.889388093483643,-1.6318866752391978,-2.9828951379023785,-1.1251768533582587,0.05933569841557984,6
499,-1.001745299841744,-4.932469127080708,1.3443809741318447,-1.3221334165100889,0.5647624463164017,-1.8081592486649176,-0.7139030227140619,-0.35145686792307174,6
500,13.027896559458464,-5.151189982272214,14.22731948588353,-4.398765021235067,-0.583089649091816,3.7750753546060585,1.2296216204855752,0.548846852795102,6
501,8.035588416951319,-3.2218954644971585,-0.14683682383167862,-3.109779768921544,-1.5331761978555019,2.632642124274743,-0.8834216272259692,0.7145111378591518,6
502,5.944977350492378,-4.284648453241337,-0.777824771860091,-0.8551160526156115,-2.0184805088445055,-3.8805691813644945,-0.8275625904622272,-0.15782455457956615,6
503,1.0489188166072267,-6.292882667235421,2.592936400217051,1.8468405699175963,-0.22143349181794747,-3.666030049157369,-1.5834234011842263,0.4590392583789406,6
504,3.995231040316434,-3.7187512801038958,-1.0302628637466815,-3.012510590034621,1.4483814878177497,5.553494784369789,-0.33479248870856027,0.38933227457929037,6
505,0.35371520405696444,-5.449924931542236,2.001086306061504,-5.235379332648057,2.323227426373582,0.6071534256569946,-1.5217916447777287,0.18478760227594693,6
506,1.6806371905041928,-5.33423181550444,-0.5129667925135479,-1.5323796110739478,-0.8514421959882074,-1.5187955331333067,-0.900719848875053,0.15029936077187778,6
507,17.362979682398965,7.180486248246071,2.072050732668308,-4.889221995434737,2.4305304572872077,-0.003217908881447684,-1.9710027778401322,-0.7181859061006715,6
508,13.846659615196877,3.535032677779298,-1.2061846996312993,-4.088689800532425,-0.3548380345679083,3.9074960553184024,-1.1739242095468045,-0.2128372663605047,6
509,-3.986907994139976,-4.544827700537811,1.6978166805473378,-2.372611715814548,-0.24780137412437692,-1.0491832139397752,-1.2464378635386002,0.2698325071957237,6
510,3.495237519168823,-5.556062314098818,0.1842130902855883,-3.4416133752638984,-1.0355698278304848,-0.03652272986989835,-1.3410923500961391,0.4432021423559234,6
511,0.8992392076509136,-6.518062723984235,4.387871750820031,-3.3510912626157414,0.03984108141681708,1.2907474017432488,-1.660618495930458,0.6740232138554371,6
512,14.294279753321888,-2.836705819460372,12.369647645409554,-4.999629827032428,0.4885429896942992,8.589313997971036,2.07654652165802,0.1258052060775745,6
513,8.889709833387741,-1.3994699168387008,-2.128374650633994,-2.1684724454525135,-0.15542037481955717,4.461808684534516,-0.4130610968820998,0.2933124612334837,6
514,7.710843025464868,-3.670861176350868,0.1164291401817017,-2.9480628545446605,-1.3973038744050905,1.027423195883904,-0.8348449318126843,0.18924785014167153,6
515,2.823340103372704,-6.024267922838008,3.763950696764249,0.28974879062833425,0.7392002274993645,0.759649928291344,-1.7379301807425582,0.6959376527892529,6
516,2.929787036142807,-2.3795042239298487,-4.062435892433621,-0.016955709902424232,1.6935115485997692,3.2582649556331376,0.4986753375913081,-0.08235041743824231,6
517,0.3806179952266018,-2.514798643745645,-1.4379231472440426,-2.2153795821189743,4.058084517650109,3.894115868567077,-0.2597285906300513,1.2068737693846456,6
518,3.6755314791332614,-3.458590704094167,-2.0023567310616714,-2.2859877596154785,0.9171349944141342,3.487107709378681,-0.3613241992214834,-0.039876486177352066,6
519,17.70806170208448,9.0523413733959,0.9034451925201146,-4.377198437265042,3.456173899030823,3.8708083303869456,-1.283443936525061,-0.4511736934474162,6
520,13.257432130035976,5.259969341164671,-4.30768142217017,-1.9450201095278443,-0.016140991789754033,4.092884162123756,0.09904130916363493,-1.7004481266937685,6
521,-2.5302018694931476,-3.301735199143732,0.49392313513840513,-2.2770175786729574,1.070405827563271,3.359402304394459,-0.6384439656460008,0.6456941446966813,6
522,4.352311739435487,-3.362768366797452,-2.5705377487956302,-2.1969893602458703,0.40650295914380224,2.516576114766652,-0.4121222604031596,0.3474748008380936,6
523,2.8081714307918735,-5.135048437109347,3.163435516585597,-3.0792967907281046,2.278077821008693,5.073072323356723,-1.2000393381080483,0.6981998612008381,6
524,14.894554492792178,-0.8400388918228735,9.877888262574787,-4.047384449578876,2.099882120827674,8.994935815560696,2.6561634756232535,-0.41732693641769014,6
525,7.92667073434125,-0.11573428290405718,-4.860781255739413,-0.010914453127544466,-0.35807216505770434,2.439806822728881,0.3315705428462926,-0.027444920721400368,6
526,8.44152643025447,-1.4604404343746835,-1.702849878075898,-1.8075232393428584,0.11922505388719551,4.408087777944779,-0.18047896226081894,0.23714390820575826,6
527,3.246734401594769,-3.209894293295873,0.1846683460759122,2.0073366633751406,2.289879597089122,4.234237088103158,-0.47749409553393696,0.33266816039868097,6
